D,version,procesos,tiempo
4,seq,1,0.001887
4,gpu,1,0.128235
4,mpi,1,0.001985
4,mpi,2,0.000861
4,mpi,4,0.000439
4,mpi,6,0.000517
